Setor,Consumo Atual (kWh),Desempenho (%),Temperatura (°C)
Docas,129,72,23.908892120020962
Refrigeração,817,99,22.089333710942828
Automação,1238,68,22.305068263090256
Iluminação,1454,68,25.384301628090284
